rank,code,market,tech_score,fund_score,buffett_score,total_score,rsi,roe,net_profit,close,date
1,300760,创业板,4,6,10,20,37.0028,0.2158,8136000000.0,157.94,2026-04-13
2,300832,创业板,6,5,9,20,25.2874,0.1381,1205000000.0,45.29,2026-04-13
3,300533,创业板,4,6,9,19,30.2632,0.3304999999999999,502000000.0,25.55,2026-04-13
4,300641,创业板,4,6,9,19,34.6484,0.22,675000000.0,18.89,2026-04-13
5,301683,创业板,4,5,10,19,30.9605,0.1884,207000000.0,112.85,2026-04-10
6,301680,创业板,3,6,9,18,41.8352,0.2410999999999999,179000000.0,101.91,2026-04-10
7,300896,创业板,3,5,10,18,36.6378,0.1701,1291000000.0,113.83,2026-04-13
8,301061,创业板,3,5,10,18,36.0312,0.1705,658000000.0,70.35,2026-04-13
9,300979,创业板,4,4,9,17,26.1459,0.1896999999999999,3207000000.0,42.66,2026-04-13
10,301609,创业板,4,4,9,17,38.6084,0.1124,87321600.0,46.01,2026-04-10
11,300795,创业板,0,6,10,16,48.1177,0.2142,137000000.0,11.83,2026-04-13
12,300394,创业板,0,6,10,16,62.7854,0.4191,2017000000.0,351.0,2026-04-13
13,301682,创业板,3,5,8,16,38.5433,0.1178999999999999,319000000.0,112.55,2026-04-10
14,300033,创业板,0,6,10,16,71.3349,0.3853999999999999,3204999999.9999995,235.06,2026-04-13
15,300456,创业板,0,6,10,16,70.9054,0.2527,1473000000.0,53.0,2026-04-13
16,300251,创业板,0,6,10,16,69.5071,0.2395,2336000000.0,16.29,2026-04-13
17,301345,创业板,0,6,9,15,64.7041,0.2403,816000000.0,230.6,2026-04-10
18,300770,创业板,0,5,10,15,55.7618,0.1747,660000000.0,39.92,2026-04-13
19,300308,创业板,0,6,9,15,84.7708,0.4384,10797000000.0,738.0,2026-04-13
20,300910,创业板,0,6,9,15,39.1197,0.2098999999999999,736000000.0,49.29,2026-04-13
21,301327,创业板,4,3,8,15,45.6498,0.0229,143000000.0,65.6,2026-04-10
22,301338,创业板,3,4,8,15,40.7211,0.0798,121000000.0,160.44,2026-04-10
23,300274,创业板,1,6,8,15,45.8958,0.3126,13461000000.000002,134.24,2026-04-13
24,300570,创业板,0,5,10,15,81.0341,0.1838,299000000.0,136.6,2026-04-13
25,300487,创业板,0,5,10,15,60.34,0.1571,652000000.0,70.63,2026-04-13
26,300573,创业板,0,6,9,15,54.2324,0.3290999999999999,599000000.0,67.8,2026-04-13
27,300502,创业板,0,6,9,15,68.5102,0.552,6327000000.0,512.72,2026-04-13
28,301109,创业板,4,4,7,15,31.361,0.094,717000000.0,15.28,2026-04-10
29,301595,创业板,6,2,7,15,23.2581,0.084,61448100.00000001,49.03,2026-04-10
30,301004,创业板,0,5,9,14,45.8642,0.1863,368000000.0,47.12,2026-04-13
31,300705,创业板,0,5,9,14,40.3685,0.1485,406000000.0,14.01,2026-04-13
32,300492,创业板,2,6,6,14,23.4788,0.7757,249000000.00000003,52.25,2026-04-13
33,301552,创业板,0,5,9,14,65.6979,0.1326,155000000.0,41.73,2026-04-10
34,300643,创业板,0,5,9,14,66.699,0.104,127000000.0,18.05,2026-04-13
35,301033,创业板,3,4,7,14,39.2077,0.1043,75854000.0,58.52,2026-04-13
36,301568,创业板,0,5,9,14,63.8717,0.1101999999999999,112000000.0,53.4,2026-04-10
37,300206,创业板,0,5,9,14,65.5528,0.1469,306000000.0,14.79,2026-04-13
38,300130,创业板,0,5,9,14,49.8014,0.108,469000000.00000006,23.24,2026-04-13
39,300685,创业板,0,5,9,14,53.8265,0.1855,361000000.0,22.86,2026-04-13
40,300604,创业板,0,6,8,14,66.6572,0.2296,865000000.0,135.29,2026-04-13
41,300634,创业板,0,5,9,14,65.2012,0.1016,291000000.0,26.04,2026-04-13
42,300628,创业板,0,6,8,14,84.8819,0.2139,1958000000.0,36.09,2026-04-13
43,301286,创业板,0,5,9,14,65.5898,0.1252,232000000.0,47.33,2026-04-10
44,300720,创业板,3,2,9,14,31.989,0.044,27618200.0,52.79,2026-04-13
45,301687,创业板,0,5,9,14,47.3486,0.1387,101000000.0,53.3,2026-04-10
46,300357,创业板,0,5,9,14,63.7125,0.138,345000000.0,26.26,2026-04-13
47,301538,创业板,0,5,9,14,64.5789,0.1448,195000000.0,81.66,2026-04-10
48,301606,创业板,1,5,8,14,73.3769,0.226,705000000.0,76.1,2026-04-10
49,300360,创业板,0,5,9,14,49.6128,0.1171,480000000.0,16.22,2026-04-13
50,300181,创业板,0,5,9,14,42.0441,0.1805,510000000.0,15.47,2026-04-13
51,301301,创业板,4,3,7,14,38.8428,0.0968,769000000.0,10.46,2026-04-10
52,300548,创业板,0,5,9,14,81.547,0.1876,335000000.0,225.0,2026-04-13
53,300750,创业板,1,5,8,14,74.916,0.2491,72201000000.0,427.13,2026-04-13
54,300286,创业板,0,5,9,14,43.0148,0.1025,205000000.0,25.08,2026-04-13
55,300824,创业板,0,5,9,14,55.6474,0.1564,114000000.0,10.33,2026-04-13
56,301077,创业板,0,5,9,14,62.3646,0.1071,130000000.0,27.66,2026-04-10
57,300127,创业板,0,5,9,14,58.6577,0.1214,178000000.0,30.24,2026-04-13
58,300841,创业板,0,4,9,13,59.0365,0.0542999999999999,189000000.0,58.6,2026-04-13
59,301373,创业板,0,4,9,13,72.0764,0.0841,137000000.0,82.58,2026-04-10
60,301186,创业板,0,4,9,13,68.9752,0.072,110000000.0,60.9,2026-04-10
61,301200,创业板,0,5,8,13,71.8032,0.1498,824000000.0,181.82,2026-04-10
62,300882,创业板,0,5,8,13,65.6181,0.1328,164000000.0,23.22,2026-04-13
63,300693,创业板,0,6,7,13,59.1116,0.2415,476000000.0,46.99,2026-04-13
64,300627,创业板,0,5,8,13,54.0395,0.1304,493000000.0,33.56,2026-04-13
65,301589,创业板,0,5,8,13,58.6739,0.1197,445000000.0,166.93,2026-04-10
66,300002,创业板,0,4,9,13,47.0033,0.099,724000000.0,9.49,2026-04-13
67,301363,创业板,0,4,9,13,53.9144,0.0579,208000000.0,26.09,2026-04-10
68,301317,创业板,1,5,7,13,73.8918,0.3074,379000000.0,57.0,2026-04-10
69,300833,创业板,0,4,9,13,57.3218,0.0553,134000000.0,34.1,2026-04-13
70,301031,创业板,0,5,8,13,62.9903,0.1892,242000000.0,146.14,2026-04-13
71,300699,创业板,0,5,8,13,61.2352,0.1074,603000000.0,34.91,2026-04-13
72,300724,创业板,0,5,8,13,49.5365,0.2195,2688000000.0,109.55,2026-04-13
73,300009,创业板,0,5,8,13,56.3262,0.175,735000000.0,9.77,2026-04-13
74,300113,创业板,0,5,8,13,57.8138,0.136,324000000.0,28.61,2026-04-13
75,300408,创业板,0,5,8,13,80.7238,0.1261999999999999,2618000000.0,61.5,2026-04-13
76,301550,创业板,0,4,9,13,70.0364,0.0785,140000000.0,167.79,2026-04-10
77,300054,创业板,0,5,8,13,62.1507,0.1283,720000000.0,51.68,2026-04-13
78,300951,创业板,0,4,9,13,61.0265,0.0612,144000000.0,37.68,2026-04-13
79,301050,创业板,0,4,9,13,58.0582,0.0504999999999999,157000000.0,46.92,2026-04-13
80,300866,创业板,0,5,8,13,73.5632,0.261,2545000000.0,116.36,2026-04-13
81,300039,创业板,0,4,9,13,40.6784,0.1079,187000000.0,5.89,2026-04-13
82,301029,创业板,0,4,9,13,78.2168,0.0988,417000000.0,26.12,2026-04-13
83,300751,创业板,3,4,6,13,34.4346,0.0853999999999999,663000000.0,213.1,2026-04-13
84,301616,创业板,0,4,9,13,68.2235,0.1447,181000000.0,49.29,2026-04-10
85,301551,创业板,0,4,9,13,55.0606,0.0863,217000000.0,29.66,2026-04-10
86,301367,创业板,0,4,9,13,53.0159,0.062,180000000.0,69.35,2026-04-10
87,300015,创业板,0,5,8,13,49.4283,0.1432,3115000000.0,9.62,2026-04-13
88,300695,创业板,0,4,9,13,67.3648,0.1288,350000000.0,73.2,2026-04-13
89,301548,创业板,0,4,9,13,65.0615,0.0676,102000000.0,71.11,2026-04-10
90,301509,创业板,0,4,9,13,61.2758,0.0474,103000000.0,43.46,2026-04-10
91,300993,创业板,0,4,9,13,51.2117,0.0742,111000000.0,12.34,2026-04-13
92,301658,创业板,4,2,7,13,32.2525,0.038,114000000.0,42.1,2026-04-10
93,301491,创业板,1,4,8,13,52.8179,0.1168,156000000.0,50.3,2026-04-10
94,301080,创业板,0,4,9,13,69.2723,0.0506,132000000.0,48.87,2026-04-10
95,300017,创业板,0,4,9,13,58.8703,0.0784,800000000.0,18.16,2026-04-13
96,301323,创业板,0,4,9,13,65.9872,0.0489,104000000.0,65.25,2026-04-10
97,301458,创业板,0,4,9,13,50.0783,0.0736,114000000.0,34.63,2026-04-10
98,301262,创业板,0,4,9,13,54.2976,0.0856,319000000.0,23.42,2026-04-10
99,301449,创业板,0,4,9,13,52.69,0.1639999999999999,92985100.0,76.71,2026-04-10
100,300304,创业板,0,5,8,13,47.9926,0.1452,467000000.0,13.05,2026-04-13
101,300445,创业板,0,4,9,13,56.2724,0.0837,104000000.0,20.34,2026-04-13
102,300777,创业板,0,4,9,13,67.587,0.0713,315000000.0,37.49,2026-04-13
103,301003,创业板,0,4,9,13,53.5432,0.0877999999999999,102000000.0,50.95,2026-04-13
104,301333,创业板,0,4,9,13,60.1339,0.0721,137000000.0,67.83,2026-04-10
105,300012,创业板,0,5,8,13,77.5537,0.1396,1016000000.0,15.44,2026-04-13
106,301566,创业板,0,4,9,13,57.6417,0.0902,126000000.0,20.4,2026-04-10
107,300452,创业板,0,5,8,13,40.3014,0.1369,133000000.0,14.62,2026-04-13
108,301600,创业板,0,4,9,13,55.1046,0.1056,136000000.0,103.22,2026-04-10
109,301371,创业板,0,4,9,13,53.1494,0.0576,325000000.0,22.85,2026-04-10
110,300595,创业板,0,5,8,13,45.5496,0.1003,480000000.0,14.11,2026-04-13
111,300820,创业板,0,4,8,12,51.4032,0.0781,193000000.0,46.01,2026-04-13
112,301047,创业板,0,4,8,12,54.9565,0.0260999999999999,148000000.0,72.98,2026-04-13
113,301571,创业板,0,4,8,12,69.1227,0.0668,126000000.0,68.88,2026-04-10
114,300771,创业板,0,3,9,12,48.9609,0.0421999999999999,82745100.0,13.73,2026-04-13
115,301330,创业板,0,4,8,12,51.7318,0.038,128000000.0,34.1,2026-04-10
116,300775,创业板,0,4,8,12,57.7073,0.0636,375000000.0,37.02,2026-04-13
117,300711,创业板,0,4,8,12,47.3044,0.1239,95813600.0,24.61,2026-04-13
118,300908,创业板,0,5,7,12,61.755,0.1094999999999999,192000000.0,27.96,2026-04-13
119,300938,创业板,0,5,7,12,56.5428,0.124,196000000.0,40.2,2026-04-13
120,300236,创业板,0,4,8,12,72.6168,0.0617999999999999,301000000.0,83.63,2026-04-13
121,301155,创业板,4,2,6,12,32.4568,0.0622,347000000.0,66.06,2026-04-10
122,300476,创业板,0,6,6,12,75.8092,0.3556,4312000000.0,298.15,2026-04-13
123,300435,创业板,0,4,8,12,55.1418,0.1127,336000000.0,26.81,2026-04-13
124,301498,创业板,0,5,7,12,42.7495,0.1172,513000000.0,51.36,2026-04-10
125,300718,创业板,0,5,7,12,62.5403,0.1115,188000000.0,72.32,2026-04-13
126,300163,创业板,0,2,10,12,45.7098,0.1821,96975200.0,4.57,2026-04-13
127,301507,创业板,0,4,8,12,50.2699,0.0724,114000000.0,14.21,2026-04-10
128,301508,创业板,0,4,8,12,53.6648,0.0764,152000000.0,29.43,2026-04-10
129,300406,创业板,0,4,8,12,46.659,0.0673,272000000.0,11.92,2026-04-13
130,301196,创业板,0,4,8,12,67.8221,0.0688,222000000.00000003,111.2,2026-04-10
131,300873,创业板,0,3,9,12,51.2311,0.0661,204000000.0,22.33,2026-04-13
132,301528,创业板,0,3,9,12,50.1451,0.0239,36246800.0,60.56,2026-04-10
133,301297,创业板,0,4,8,12,64.6458,0.0524,211000000.0,34.9,2026-04-10
134,301638,创业板,3,1,8,12,44.2132,0.0746,630000000.0,26.4,2026-04-10
135,301305,创业板,0,4,8,12,70.6691,0.0675,249000000.00000003,26.31,2026-04-10
136,301287,创业板,0,3,9,12,54.1091,0.0489,56712500.0,42.04,2026-04-10
137,301275,创业板,0,4,8,12,51.8738,0.0867,314000000.0,41.32,2026-04-10
138,301393,创业板,0,3,9,12,65.1978,0.043,99238300.0,54.56,2026-04-10
139,301267,创业板,0,4,8,12,57.8239,0.0736,434000000.0,17.17,2026-04-10
140,301162,创业板,0,4,8,12,38.0021,0.0969,130000000.0,62.35,2026-04-10
141,300140,创业板,4,3,5,12,33.7545,0.0630999999999999,871000000.0000001,6.34,2026-04-13
142,301203,创业板,0,3,9,12,55.6148,0.0688,98166700.0,41.02,2026-04-10
143,300403,创业板,0,5,7,12,60.5723,0.111,236000000.0,11.95,2026-04-13
144,301020,创业板,0,3,9,12,59.5836,0.0925,88505000.0,21.53,2026-04-13
145,300335,创业板,3,2,7,12,45.4366,0.035,66658900.0,7.13,2026-04-13
146,301591,创业板,0,3,9,12,57.6692,0.0662,59071400.0,42.5,2026-04-10
147,300138,创业板,4,3,5,12,36.6058,0.1137,369000000.0,11.97,2026-04-13
148,300482,创业板,4,2,6,12,36.3176,0.0247,134000000.0,17.75,2026-04-13
149,300415,创业板,0,5,7,12,57.4129,0.1807,564000000.0,24.99,2026-04-13
150,301318,创业板,0,3,9,12,52.5257,0.0464,85943900.0,26.73,2026-04-10
151,301419,创业板,0,3,9,12,70.2838,0.0549,52240600.00000001,45.0,2026-04-10
152,300049,创业板,0,4,8,12,43.742,0.0827,154000000.0,56.11,2026-04-13
153,301006,创业板,0,3,9,12,53.146,0.0429,54153600.0,17.32,2026-04-13
154,301377,创业板,0,4,8,12,74.2537,0.0938,261000000.0,214.71,2026-04-10
155,300401,创业板,0,4,8,12,42.4641,0.0709,234000000.0,14.01,2026-04-13
156,300962,创业板,0,3,9,12,44.9225,0.092,89805500.0,16.38,2026-04-13
157,300906,创业板,0,3,9,12,55.6346,0.0401,36452800.0,32.34,2026-04-13
158,300003,创业板,0,4,8,12,46.9467,0.0625,982000000.0,16.31,2026-04-13
159,300743,创业板,0,4,8,12,54.242,0.1433,91086600.0,17.91,2026-04-13
160,300400,创业板,0,4,8,12,48.705,0.1077999999999999,83978500.0,25.89,2026-04-13
161,301361,创业板,0,3,9,12,48.037,0.081,96474800.0,36.54,2026-04-10
162,300354,创业板,0,5,7,12,61.7522,0.13,101000000.0,36.08,2026-04-13
163,300109,创业板,0,4,8,12,73.0256,0.0542,201000000.0,18.92,2026-04-13
164,300811,创业板,0,5,7,12,72.4189,0.1094,294000000.0,82.97,2026-04-13
165,300201,创业板,0,4,8,12,60.3668,0.1085999999999999,176000000.0,11.2,2026-04-13
166,300373,创业板,0,5,7,12,65.0846,0.1373,1259000000.0,77.48,2026-04-13
167,300529,创业板,0,5,7,12,42.1028,0.1374,453000000.0,17.46,2026-04-13
168,301015,创业板,0,5,7,12,51.715,0.2025,476000000.0,24.15,2026-04-13
169,301585,创业板,0,3,9,12,52.883,0.0495,47490000.0,28.05,2026-04-10
170,301525,创业板,1,3,8,12,50.1219,0.0416,134000000.0,71.72,2026-04-10
171,301023,创业板,0,3,9,12,54.5826,0.0698,58328500.0,39.78,2026-04-13
172,301678,创业板,0,3,9,12,60.3212,0.094,120000000.0,62.24,2026-04-10
173,301632,创业板,1,3,8,12,47.469,0.0508,116000000.0,20.55,2026-04-10
174,301626,创业板,1,4,7,12,73.8048,0.0926,143000000.0,280.0,2026-04-10
175,301138,创业板,0,3,9,12,73.3074,0.0615,70760400.0,37.83,2026-04-10
176,301556,创业板,0,3,9,12,49.2336,0.0942,91294400.0,83.26,2026-04-10
177,301328,创业板,0,3,9,12,74.3034,0.0421,81599200.0,50.0,2026-04-10
178,301611,创业板,0,5,7,12,44.3027,0.1503999999999999,245000000.00000003,94.18,2026-04-10
179,300717,创业板,1,3,8,12,48.199,0.0764,55040500.0,20.48,2026-04-13
180,300684,创业板,0,5,7,12,71.9704,0.1214,252000000.0,53.43,2026-04-13
181,300384,创业板,0,4,8,12,43.2014,0.0754,203000000.0,15.06,2026-04-13
182,300146,创业板,0,4,8,12,42.909,0.0718,782000000.0,10.89,2026-04-13
183,300776,创业板,0,5,7,12,60.2483,0.1409,519000000.00000006,78.95,2026-04-13
184,300880,创业板,3,2,7,12,42.7496,0.0636,68250200.0,21.11,2026-04-13
185,301028,创业板,0,5,7,12,62.8972,0.1233,192000000.0,14.5,2026-04-13
186,300398,创业板,0,4,8,12,66.291,0.0643,291000000.0,27.73,2026-04-13
187,301119,创业板,0,3,9,12,73.4513,0.0885,90998600.0,44.98,2026-04-10
188,301668,创业板,0,4,8,12,47.5734,0.1698,105000000.0,50.6,2026-04-10
189,300193,创业板,0,3,9,12,49.6801,0.0867,198000000.0,8.57,2026-04-13
190,301289,创业板,0,3,9,12,63.2107,0.0654,66023700.0,54.35,2026-04-10
191,300470,创业板,0,5,7,12,70.9524,0.138,385000000.0,38.68,2026-04-13
192,300144,创业板,0,3,9,12,48.9656,0.0906,754000000.0,7.79,2026-04-13
193,300505,创业板,0,4,8,12,33.5815,0.1667,454000000.0,27.57,2026-04-13
194,300661,创业板,0,5,7,12,54.1877,0.1124,547000000.0,74.6,2026-04-13
195,301219,创业板,0,3,9,12,66.2902,0.0827,751000000.0,64.5,2026-04-10
196,300395,创业板,0,4,8,12,74.9572,0.0779,334000000.0,108.9,2026-04-13
197,301016,创业板,0,3,9,12,57.8291,0.0694,70816600.0,22.61,2026-04-13
198,300559,创业板,0,2,9,11,45.3029,0.0401,48618300.0,13.5,2026-04-13
199,301362,创业板,0,3,8,11,91.4681,0.0598,150000000.0,143.0,2026-04-10
200,300940,创业板,0,3,8,11,55.9414,0.0971,110000000.0,22.5,2026-04-13
